,0
0,3.7316121331227815e-16
1,0.51028542723617
2,0.9249959254125653
3,1.2491974267269763
4,1.4879558633772016
5,1.6463371675610445
6,1.7294072714762878
7,1.7422321073207212
8,1.6898776072921389
9,1.5774097035883639
10,1.409894328407134
11,1.1923974139462779
12,0.9299848924036107
13,0.6277226959769004
14,0.2906767568639328
15,-0.07608699273749231
16,-0.46750262062957937
17,-0.8785041946144991
18,-1.3040257824945165
19,-1.7390014520718138
20,-2.178365271148584
21,-2.617051307527027
22,-3.0499936290094105
23,-3.4721263033978502
24,-3.8783833984946128
25,-4.263698982101889
26,-4.623007122021873
27,-4.951241886056801
28,-5.243337342008841
29,-5.494227557680223
30,-5.6988466008731695
31,-5.852128539389849
32,-5.949007441032474
33,-5.984417373603273
34,-5.95329240490443
35,-5.850566602738166
36,-5.671174034906698
37,-5.410048769212183
38,-5.062124873456872
39,-4.6223364154429625
40,-4.085617462972676
41,-3.446902083848151
42,-2.7011243458716656
43,-1.847391479347107
44,-0.901503364585237
45,0.11656695560150654
46,1.1868464384006572
47,2.289362040999769
48,3.4041407205863634
49,4.511209434348011
50,5.590595139472234
51,6.6223247931465945
52,7.586425352558608
53,8.462923774895856
54,9.23184701734586
55,9.875102588151499
56,10.384805853490764
57,10.765695345451961
58,11.025195249837118
59,11.17080671177704
60,11.210338713717602
61,11.151677197433417
62,11.002708104699106
63,10.771317377289325
64,10.4653909569787
65,10.093048256132779
66,9.663342569480772
67,9.185560662342809
68,8.668989300039094
69,8.12291524788968
70,7.55662527121475
71,6.979406135334472
72,6.400544605568931
73,5.828439691443475
74,5.267939379304179
75,4.72300389970222
76,4.197593483188818
77,3.695668360315218
78,3.2211887616326704
79,2.7765674975196877
80,2.358027697664328
81,1.960245071581932
82,1.577895328787899
83,1.2056541787975954
84,0.8318276264741584
85,0.41924285807186035
86,-0.07564264480721494
87,-0.6963714005610164
88,-1.4864859275874949
89,-2.4895287442846
90,-3.7320577026835373
91,-5.172691989348706
92,-6.753066124477823
93,-8.414814628268584
94,-10.09957202091865
95,-11.748972822625728
96,-13.304651553587544
97,-14.704936575021852
98,-15.874931612226913
99,-16.73643423152104
100,-17.21124199922258
101,-17.22099850079809
102,-16.68640631023214
103,-15.543913063231729
104,-13.815506954254774
105,-11.608647841963128
106,-9.047863652351335
107,-6.255289768514491
108,-3.340490758567764
109,-0.3986360741987145
110,2.478105476287179
111,5.197565084584391
112,7.667573942387433
113,9.795963241390815
114,11.490564173289078
115,12.671357873860558
116,13.320422455269341
117,13.485974773963498
118,13.229585369342125
119,12.612127812805848
120,11.693840560247104
121,10.534839167956058
122,9.195239192222829
123,7.735156189337544
124,6.214705715590401
125,4.688427000432568
126,3.1870596058440865
127,1.7297893265041902
128,0.33430759697660317
129,-0.9816941481749275
130,-2.2005244743866363
131,-3.304491947094784
132,-4.2759051317356
133,-5.097072593745404
134,-5.750302898560373
135,-6.21790461161681
136,-6.4821862983509275
137,-6.5292307061788115
138,-6.363929807101839
139,-6.009799741765447
140,-5.494069147481057
141,-4.8439666615602
142,-4.086720921314292
143,-3.2495605640548244
144,-2.359714227093286
145,-1.4444105477411118
146,-0.530878163309811
147,0.35365428888917605
148,1.1819581715443568
149,1.9268048473442654
150,2.5609656789774573
151,3.061080648475601
152,3.420941619956168
153,3.6451088914491168
154,3.740675035600952
155,3.7154595510278074
156,3.578017551793991
157,3.337064534066427
158,3.001315994012046
159,2.57948742779781
160,2.0802943315906606
161,1.512452201557504
162,0.8853599063803961
163,0.21197588767274378
164,-0.4907537089531606
165,-1.2050566550140327
166,-1.9131607220266253
167,-2.5972936815077095
168,-3.2396833049739726
169,-3.822557363942221
170,-4.328143629929155
171,-4.738669874451531
172,-5.036363869026099
173,-5.203453385169588
174,-5.2255041889924225
175,-5.103148325800804
176,-4.84721303877817
177,-4.470239871928879
178,-3.984770369257335
179,-3.4033460747678737
180,-2.738508532464893
181,-2.002799286352765
182,-1.2087598804358457
183,-0.36893185871850864
184,0.5041432347948676
185,1.3977674229315915
186,2.2980928949326844
187,3.188728534913106
188,4.051597252850247
189,4.868331490415365
190,5.620563689279672
191,6.289926291114362
192,6.858051737590706
193,7.306572470379901
194,7.619719795757991
195,7.794139849726959
196,7.837155118120425
197,7.757893978349942
198,7.564500279590435
199,7.2643819540011485
200,6.8648163244195946
201,6.373080713683299
202,5.796452444629772
203,5.142208840096487
204,4.417627222920975
205,3.6299849159407587
206,2.786559241993371
207,1.8946275239162627
208,0.9621156528835089
209,-0.0004562065847699692
210,-0.9809955226083322
211,-1.9629914206171892
212,-2.9261166406358377
213,-3.8493207760932875
214,-4.711553420418502
215,-5.491764167040507
216,-6.168902609388292
217,-6.721918340890854
218,-7.129760954977179
219,-7.371380045076282
220,-7.425725204617139
221,-7.271821991404635
222,-6.896976731844587
223,-6.320479361108514
224,-5.569596725465406
225,-4.671595671184228
226,-3.6537430445339383
227,-2.5433056917835524
228,-1.367550459202028
229,-0.15374419305835874
230,1.0687259223576988
231,2.2612539654538484
232,3.380164135739355
233,4.381043247504045
234,5.219478115037759
235,5.851055552630331
236,6.23136237457164
237,6.315985395151476
238,6.068956792210489
239,5.497169869095934
240,4.652281977919638
241,3.5950301420968693
242,2.386151385042892
243,1.0863827301730136
244,-0.24353879909750553
245,-1.5428761793533856
246,-2.7538156299421463
247,-3.830236341262443
248,-4.7289407464758115
249,-5.40673127874366
250,-5.820410371227528
251,-5.926780457088853
252,-5.699735105847391
253,-5.181532432455891
254,-4.431521688225393
255,-3.509052124466897
256,-2.4734729924914904
257,-1.384133543610174
258,-0.2955959774584076
259,0.758982954757383
260,1.7602625204132902
261,2.691159228612182
262,3.5345895884569036
263,4.273470109050317
264,4.890717299495238
265,5.369247668894548
266,5.696780811755383
267,5.880248664201792
268,5.93138624776217
269,5.861824347640517
270,5.682776803743189
271,5.405353219652245
272,5.040663198949666
273,4.599816345217494
274,4.093922262037745
275,3.5340905529924265
276,2.931430821663567
277,2.297052671633181
278,1.6420657064832835
279,0.9775795297958898
280,0.314703745153019
281,-0.3354520438633295
282,-0.9618552746900226
283,-1.5554044643811094
284,-2.1135668331756565
285,-2.635432516854244
286,-3.120091651197464
287,-3.566634371985923
288,-3.974150815000212
289,-4.341731116020887
290,-4.668465410828582
291,-4.953443835203844
292,-5.193131222212748
293,-5.373491194063211
294,-5.477862070248605
295,-5.489526427525266
296,-5.3914824234948995
297,-5.166426680195693
298,-4.796994371459308
299,-4.2733426778625265
300,-3.615716806962969
301,-2.8518839730634484
302,-2.0096113904667443
303,-1.1166662734756998
304,-0.2008158363930317
305,0.7101727064783399
306,1.588532140835691
307,2.4081380560717798
308,3.1498058296372387
309,3.797467935780938
310,4.335425422027425
311,4.7479793359012605
312,5.019430724926985
313,5.134080636629152
314,5.076321585292393
315,4.830911952241881
316,4.3827015855629625
317,3.71654033334089
318,2.8309257030968484
319,1.7789458400953908
320,0.627336549036992
321,-0.5571663653778733
322,-1.7078270984487385
323,-2.7579098454751603
324,-3.6503073290550168
325,-4.366426380979419
326,-4.897302360337932
327,-5.233970626220057
328,-5.3674665377152575
329,-5.294122146769318
330,-5.031622867685004
331,-4.603617171349235
332,-4.03392011958092
333,-3.3463467741989215
334,-2.5647121970221316
335,-1.712831449869475
336,-0.8139120816113969
337,0.11126841067526838
338,1.0425400428621328
339,1.959732830820771
340,2.8426767904227392
341,3.671201937539713
342,4.421319405596275
343,5.053764798229343
344,5.5254548366288105
345,5.793242215246546
346,5.813606668888198
347,5.542496494845122
348,4.954190477484321
349,4.096756760251603
350,3.036710826362469
351,1.8405681590323932
352,0.5748442414768937
353,-0.6957404337175639
354,-1.9136260743321443
355,-3.0229708301832408
356,-3.9679135889387425
357,-4.692593238266586
358,-5.1411486658347
359,-5.275390637122384
360,-5.127563983538083
361,-4.7463912724274735
362,-4.179620183386222
363,-3.474818035401655
364,-2.679552147461046
365,-1.8413898385516654
366,-1.0024839651598918
367,-0.18332953376826433
368,0.6009929116416188
369,1.3354028270881422
370,2.0048196685897146
371,2.5941628921647184
372,3.0883519538315385
373,3.4723063096085864
374,3.730945415514268
375,3.849188727566948
376,3.8119557017850147
377,3.610692115067299
378,3.2629490278341087
379,2.7928038213861877
380,2.224333877024291
381,1.5816165760491063
382,0.8887292997614107
383,0.16974942946190752
384,-0.5512456535486536
385,-1.2501785679695487
386,-1.9029719325000132
387,-2.4855483658393673
388,-2.9738304866868375
389,-3.3437409137416894
390,-3.5761346038668886
391,-3.6715958665801223
392,-3.6359675146346975
393,-3.476397021071656
394,-3.200358024003992
395,-2.815324161544673
396,-2.328769071806681
397,-1.7518793233594225
398,-1.1106932065978414
399,-0.434961942373318
400,0.24556324846277655
401,0.9011311450590587
402,1.5019905265642004
403,2.0263791475459714
404,2.484490664248921
405,2.8945077083367665
406,3.2746129114732088
407,3.6429889053219435
408,4.0162155252370475
409,4.4040969129499725
410,4.813376380346922
411,5.250432730930122
412,5.721644768201883
413,6.233391295664475
414,6.792051116820122
415,7.3921847401925325
416,7.9810794943909515
417,8.494204413046017
418,8.867028529788445
419,9.035020878248877
420,8.943554180192415
421,8.578054210214425
422,7.935603632213969
423,7.013723410382469
424,5.809934508911344
425,4.321757891992006
426,2.5603831257559424
427,0.5916741840950737
428,-1.5048363571586432
429,-3.6496159221731954
430,-5.763131935116612
431,-7.767931693959828
432,-9.597493558527738
433,-11.19782202901686
434,-12.51753317226586
435,-13.505243055113453
436,-14.109567744398323
437,-14.293551524704217
438,-14.077912970372758
439,-13.49764454860072
440,-12.587700145362302
441,-11.383033646631743
442,-9.918598938383308
443,-8.233770508454093
444,-6.385605252132578
445,-4.435580666570164
446,-2.4451742489181987
447,-0.4758634963280173
448,1.4108740940489248
449,3.1535610250613484
450,4.702548411118077
451,6.055501812868852
452,7.221915402523576
453,8.21128335229221
454,9.033099834384734
455,9.69685902101102
456,10.215803192016523
457,10.618167057788392
458,10.935933436349346
459,11.20108514572196
460,11.44560500392894
461,11.701475828992892
462,11.996287919536304
463,12.339943773732044
464,12.737482478958428
465,13.193825399745183
466,13.713893900622
467,14.30260934611861
468,14.964893100764685
469,15.697727095007451
470,16.466335522964023
471,17.228003144669117
472,17.94001472015735
473,18.5596550094634
474,19.04420877262189
475,19.353878313460548
476,19.46053611097912
477,19.33878520807552
478,18.96248072806813
479,18.305290814380342
480,17.34088361043566
481,16.042927259657517
482,14.395052965568048
483,12.420744172084158
484,10.16633871043757
485,7.729739720724492
486,5.217399442843435
487,2.717566166204561
488,0.3108057894721181
489,-1.923150829522669
490,-3.904572832948559
491,-5.553729362974289
492,-6.790889561768646
493,-7.6030775188841035
494,-8.247272426139292
495,-9.058949673661763
496,-10.289013725718334
497,-11.838344092207832
498,-13.446274169643821
499,-14.551496675226048
500,-14.57590426486856
501,-13.315276751483736
502,-10.951399285477004
503,-7.744180208863988
504,-3.969788795237628
505,0.03675681681907239
506,3.925829520164193
507,7.347802207655859
508,9.953047772152173
509,11.39193910651122
510,11.427908589338806
511,10.268677037642096
512,8.203226735818848
513,5.512590463677579
514,2.477801001026809
515,-0.6201088723249533
516,-3.5001063765691898
517,-5.915051957608559
518,-7.7533789641902136
519,-8.937413970772493
520,-9.389483551813722
521,-9.032386555641306
522,-7.791052719451602
523,-5.658163238651831
524,-2.8918891451271937
525,0.18328651846584876
526,3.242880709470789
527,5.962410385231171
528,8.063533251138585
529,9.45632115733651
530,10.112391312255259
531,10.008433742413537
532,9.126025136444927
533,7.48276123505538
534,5.235427325125432
535,2.5756060800792606
536,-0.30511982665895765
537,-3.215167721665045
538,-5.962954931514799
539,-8.384751415296511
540,-10.428237662148245
541,-12.068946793720496
542,-13.28241193166377
543,-14.044166197628574
544,-14.329434237904998
545,-14.109995204853373
546,-13.352648769231799
547,-12.056705658923777
548,-10.297736744608823
549,-8.169334091737802
550,-5.76508976576161
551,-3.1792147460899756
552,-0.5055916397490074
553,2.1750300527245097
554,4.794848489301896
555,7.2885977355266744
556,9.591011856942362
557,11.636824919092515
558,13.360770987520608
559,14.699838982690995
560,15.613981888934644
561,16.121186122237113
562,16.253382742767403
563,16.041199707694737
564,15.510052562189063
565,14.682919592095848
566,13.583245975519649
567,12.253356804471693
568,10.740580688521058
569,9.092246237236811
570,7.355682060188008
571,5.578216766943718
572,3.8029895613063056
573,2.0563820240113255
574,0.36098000683652387
575,-1.2590559312047356
576,-2.7791715542901976
577,-4.174812626597581
578,-5.421424912304636
579,-6.494454175589133
580,-7.369346180628769
581,-8.021546691601312
582,-8.426501472684468
583,-8.561438628643707
584,-8.418013472846447
585,-8.018983544967124
586,-7.394918233790504
587,-6.577331840868531
588,-5.601004315962769
589,-4.5015320208872085
590,-3.315335486681941
591,-2.08263476108634
592,-0.8476409413835762
593,0.3403099507932783
594,1.4307263726723487
595,2.373116781481798
596,3.1169896344497454
597,3.611853388804337
598,3.820313762008346
599,3.758774414477252
600,3.462371874918139
601,2.9676515740522977
602,2.3111589426010517
603,1.5308248712206602
604,0.6710324732665693
605,-0.2188081461332625
606,-1.0883764988914832
607,-1.8873520969207627
608,-2.565414452133756
609,-3.072243076443119
610,-3.357517481761504
611,-3.384791308770364
612,-3.1731147132263207
613,-2.7554119796547667
614,-2.1646073925811056
615,-1.433625236530757
616,-0.5953897960291166
617,0.31624056586518545
618,1.2589481539520402
619,2.1705891224637717
620,2.984296607624134
621,3.6332037456568647
622,4.050443672785708
623,4.186684918814149
624,4.061917012966247
625,3.710382578452327
626,3.16550366358436
627,2.4607023166743183
628,1.629400586034149
629,0.7107058365263632
630,-0.233533300784466
631,-1.135782878283219
632,-1.9285089483548055
633,-2.5441775633840855
634,-2.915254775755956
635,-2.996007305962619
636,-2.8273970721350183
637,-2.470051802224477
638,-1.9836719128879516
639,-1.4278528616563293
640,-0.8621901060605509
641,-0.3390873143863291
642,0.11781900206146922
643,0.4920841212231144
644,0.7672633210389157
645,0.9269118794491747
646,0.9545850743942095
647,0.8398941547809491
648,0.6035464285836587
649,0.29979387554611003
650,-0.010239349387219127
651,-0.26542909127185776
652,-0.404441808616945
653,-0.38356968851257534
654,-0.2327486305673749
655,-0.00037780915621427047
656,0.26514360134603415
657,0.5154164265645176
658,0.7089681335587471
659,0.8320327551256075
660,0.8777709654964779
661,0.8393434389026617
662,0.7099146927104304
663,0.4826646168260411
664,0.1507769442907152
665,-0.2928632661768221
666,-0.8450218485877115
667,-1.4564728221261725
668,-2.065985317777897
669,-2.6122131956189025
670,-3.0341795708192913
671,-3.2723845789254336
672,-3.2843282894503485
673,-3.0942368293654043
674,-2.743780372386321
675,-2.2748324341965924
676,-1.7292665304798298
677,-1.148956176919547
678,-0.5707108464095727
679,-0.01108384068458168
680,0.5184355813103991
681,1.006358160630493
682,1.4411946383307148
683,1.8176050507732406
684,2.1548466155487485
685,2.478325845555076
686,2.813449253690029
687,3.185623352851483
688,3.6202546559371935
689,4.142749675845032
690,4.77851492547279
691,5.5425394412054985
692,6.4081423533770305
693,7.338225315808411
694,8.29568998232072
695,9.243438006735012
696,10.144371042872322
697,10.961390744553707
698,11.657398765600242
699,12.195296759832967
700,12.537921315553739
701,12.651084368483406
702,12.518961306532004
703,12.150907446009619
704,11.561764182952453
705,10.766372913396674
706,9.779575033378482
707,8.616211938934047
708,7.2911250260995395
709,5.819155690911166
710,4.215145329405091
711,2.4939353376174953
712,0.6743442155836812
713,-1.2030934383760714
714,-3.070635192788469
715,-4.8547309338916405
716,-6.481830547923708
717,-7.878383921122854
718,-8.9708409397272
719,-9.702777222250148
720,-10.08627131630613
721,-10.148932756010161
722,-9.911992092378528
723,-9.395085130652856
724,-8.617847676074796
725,-7.609531803312757
726,-6.437854664742472
727,-5.180149682166471
728,-3.913750277387304
729,-2.715989872207505
730,-1.6642018884295713
731,-0.8190768102148398
732,-0.17473337115955068
733,0.29135263278127876
734,0.6017054056526367
735,0.778849151499454
736,0.8453080743667569
737,0.8236063782995342
738,0.7345571013698708
739,0.5941111380537163
740,0.4244382980359429
741,0.24969091129687015
742,0.0945549425591583
743,-0.014149104485057684
744,-0.0503489679059026
745,-0.0043532856842993795
746,0.0872338521244016
747,0.17601899442372648
748,0.21118511695813247
749,0.14026041006491852
750,-0.07610471062196922
751,-0.4236521100234949
752,-0.8747217231994817
753,-1.4016534852096334
754,-1.9767873311137265
755,-2.572463195971486
756,-3.161021014842685
757,-3.7096353789837533
758,-4.164819504437926
759,-4.467921263445067
760,-4.560288528245108
761,-4.383269171077947
762,-3.8781229522420624
763,-3.009207102337301
764,-1.8356617284139127
765,-0.44436212008302833
766,1.0767451169206939
767,2.6397133768626198
768,4.156596054008132
769,5.539740091524955
770,6.702666628190402
771,7.55967294165389
772,8.026986669443833
773,8.021872900231578
774,7.463816167381001
775,6.294588850005544
776,4.559810545228273
777,2.394494953564548
778,-0.04942894476628368
779,-2.620032169544875
780,-5.165385740551907
781,-7.533401904861483
782,-9.571357818721456
783,-11.126371865673137
784,-12.045562429257831
785,-12.17543864222887
786,-11.41185353868454
787,-9.857174519922085
788,-7.665549891735523
789,-4.99112795991885
790,-1.9880570302660576
791,1.1893114223374255
792,4.384251704451283
793,7.433588784787081
794,10.17258608986722
795,12.436507046214096
796,14.060615080350116
797,14.880173618797645
798,14.730165635580232
799,13.507322993041544
800,11.359579894287858
801,8.497741240740908
802,5.132611933822371
803,1.4749968749539217
804,-2.264329484924268
805,-5.874714496798437
806,-9.14553596213646
807,-11.866171682406135
808,-13.85421391762721
809,-15.062240938341423
810,-15.559558178899463
811,-15.438546611955227
812,-14.795376658118407
813,-13.727166099987613
814,-12.331032720161465
815,-10.69810760338418
816,-8.895575042982355
817,-6.984632634428197
818,-5.026477973193894
819,-3.082308654751653
820,-1.2133222745736694
821,0.5280717794993901
822,2.130344817670646
823,3.613667827845555
824,5.003939665447242
825,6.327059185898896
826,7.608925244623631
827,8.866111629873323
828,10.077891861214537
829,11.214214391042589
830,12.245027671752752
831,13.140280155740331
832,13.869920295400608
833,14.403896543128873
834,14.712157351320405
835,14.770958722536415
836,14.581963392932106
837,14.15384778054976
838,13.495464836361961
839,12.615667511341293
840,11.52330875646038
841,10.227241522691783
842,8.736318761008086
843,7.0593934223819
844,5.210660575687522
845,3.2256837614061764
846,1.1453686379207983
847,-0.9893791363857254
848,-3.1376539031304187
849,-5.258550003930354
850,-7.31116178040262
851,-9.252630028180882
852,-11.032281358965218
853,-12.5974888384723
854,-13.895625532418826
855,-14.874064506521457
856,-15.480178826496894
857,-15.661107357755956
858,-15.366537039360608
859,-14.575070134567468
860,-13.329633881517626
861,-11.6883655433547
862,-9.709402383222269
863,-7.450881664263919
864,-4.975084649967862
865,-2.3608686052006504
866,0.30876520482653813
867,2.9508155149025566
868,5.482281059816248
869,7.820160574356413
870,9.881452793311919
871,11.593302947961817
872,12.932513064598645
873,13.922314902215703
874,14.59501102885898
875,14.982904012574377
876,15.118296421407809
877,15.03316055917699
878,14.758147672786532
879,14.3234191010453
880,13.75849760729256
881,13.092746311000095
882,12.355144675913088
883,11.571315189067809
884,10.759207266565493
885,9.934947970705235
886,9.114664363786144
887,8.314483508107376
888,7.550532465968002
889,6.838938299667137
890,6.195828071503898
891,5.637328843777393
892,5.179567678786722
893,4.828683366780718
894,4.550861609807141
895,4.302299837863395
896,4.039195480946929
897,3.717745969055245
898,3.294148732185729
899,2.7246012003358535
900,1.9653008035030526
901,0.9846651229999317
902,-0.19236475049066737
903,-1.4980559585318893
904,-2.857032738577111
905,-4.19391932807975
906,-5.433339964493238
907,-6.499918885270978
908,-7.322808823787638
909,-7.849276497103169
910,-8.031117118198742
911,-7.820121848393478
912,-7.168065642358197
913,-6.057460179639627
914,-4.593780245936674
915,-2.913241403486372
916,-1.152059214525635
917,0.5535507587085826
918,2.0855819815817576
919,3.3988640298693173
920,4.466435506949098
921,5.261335016198963
922,5.756601160996816
923,5.925272544720492
924,5.740847036021286
925,5.195638874222497
926,4.350338802234814
927,3.282616872547358
928,2.0701431376492168
929,0.7905876500294826
930,-0.4783795378226863
931,-1.6590883734182253
932,-2.6871945937904247
933,-3.551657094062393
934,-4.254760558879676
935,-4.79878967288778
936,-5.186029120732263
937,-5.418763587058658
938,-5.49947188415204
939,-5.431434242762395
940,-5.218224652906239
941,-4.866876151784089
942,-4.398327399147668
943,-3.8376274557946934
944,-3.209994447965082
945,-2.5406465018987574
946,-1.854801743835631
947,-1.1776783000156237
948,-0.5344942966786772
949,0.0495321399353279
950,0.554580726764776
951,0.9824225534614643
952,1.3402265528554649
953,1.6351616577768677
954,1.8743968010558092
955,2.0649229128956006
956,2.2130189129924136
957,2.324785718415698
958,2.40659721975251
959,2.4666739535591096
960,2.5165284375036596
961,2.568427941152811
962,2.6346397340732324
963,2.7274310858316064
964,2.85906926599461
965,3.0418215441289056
966,3.2879551898011483
967,3.6052091419564674
968,3.983209017053739
969,4.40705210093023
970,4.86183567942329
971,5.332657038370186
972,5.804613463608246
973,6.26280224097477
974,6.692320656307074
975,7.078265995442431
976,7.405735544218192
977,7.659826588471594
978,7.8256364140400105
979,7.888144698439106
980,7.831860685898208
981,7.644167211931871
982,7.324411910481851
983,6.874933615096785
984,6.298071159325273
985,5.596163376715944
986,4.771549100817388
987,3.8265671651782163
988,2.763556403347051
989,1.588729214247976
990,0.3296718126448446
991,-0.9586378039711518
992,-2.215342083770918
993,-3.379583474925331
994,-4.3905044256052514
995,-5.187247383981573
996,-5.708954798225184
997,-5.910047607883955
998,-5.805973260105967
999,-5.426709875520624
1000,-4.800556171790822
1001,-3.9554128803147712
1002,-2.919180732490677
1003,-1.730652987544957
1004,-0.472193016016774
1005,0.7629432837265009
1006,1.8815000133175088
1007,2.7989022349612447
1008,3.4777041750729523
1009,3.93876230832369
1010,4.215338431305358
1011,4.340694340609866
1012,4.344154762562976
1013,4.239791560319403
1014,4.039721198341804
1015,3.756555558986477
1016,3.4029065246095884
1017,2.991621589786107
1018,2.536490697965799
1019,2.046610387914053
1020,1.5113611307840107
1021,0.915194380825753
1022,0.24256159228931917
1023,-0.5220857805752277
1024,-1.394296283517812
1025,-2.372073650333548
1026,-3.383242366998353
1027,-4.338082107533326
1028,-5.146872545959564
1029,-5.7198933562981376
1030,-5.967898608716043
1031,-5.82508724434541
1032,-5.31232174599015
1033,-4.472011882835675
1034,-3.3465674240673606
1035,-1.978398138870621
1036,-0.4099137964308608
1037,1.3113537413903487
1038,3.1085660404202
1039,4.864489767383952
1040,6.453073387400346
1041,7.748265365588173
1042,8.624014167066175
1043,8.954268256953178
1044,8.64971097760298
1045,7.767965180309547
1046,6.403388593601977
1047,4.650338946009268
1048,2.603173966060491
1049,0.3606822113982071
1050,-1.9594696300083356
1051,-4.230564785586469
1052,-6.324731668891031
1053,-8.114098693476842
1054,-9.470794272898782
1055,-10.296550043732555
1056,-10.611510534637423
1057,-10.464114631790828
1058,-9.897565759359303
1059,-8.953758476006634
1060,-7.674587340396641
1061,-6.109018440191453
1062,-4.33430397904671
1063,-2.434767689616401
1064,-0.4947333045544431
1065,1.4014754434852126
1066,3.1695348218485355
1067,4.73660060240538
1068,6.075746575120655
1069,7.171526034483003
1070,8.008492274981126
1071,8.571198591103704
1072,8.844198277339345
1073,8.812044628176828
1074,8.469604869440534
1075,7.852926238664828
1076,7.00806705018622
1077,5.981009904707895
1078,4.817737402933027
1079,3.5642321455648123
1080,2.2664767333064515
1081,0.9704537668610551
1082,-0.2782827828194634
1083,-1.4405477598621141
1084,-2.4962018224391405
1085,-3.429759924796398
1086,-4.2257370211796275
1087,-4.868648065834672
1088,-5.343008013007297
1089,-5.633331816943334
1090,-5.72413443188855
1091,-5.600505193933063
1092,-5.250616644506632
1093,-4.674866997673597
1094,-3.9084744612222626
1095,-2.995165821881491
1096,-1.9786678663800399
1097,-0.9027073814467041
1098,0.18898884618968115
1099,1.2526940298003413
1100,2.2446813826564758
1101,3.121224118029264
1102,3.838595449189913
1103,4.355617214238205
1104,4.647752704582581
1105,4.718845850422514
1106,4.579432171689205
1107,4.240362761481297
1108,3.712556556692927
1109,3.006932494218282
1110,2.134409510951466
1111,1.115863184980733
1112,0.011995659170467299
1113,-1.1065342824208733
1114,-2.169067855734847
1115,-3.104946276712972
1116,-3.843510761296789
1117,-4.327860760941997
1118,-4.556128669160842
1119,-4.5397034568784065
1120,-4.287148670673812
1121,-3.8032510312618557
1122,-3.091978467416592
1123,-2.170766094836807
1124,-1.1109177769205216
1125,0.002795436009460861
1126,1.0856024936302937
1127,2.052732345619204
1128,2.8263142637389302
1129,3.3635462817343575
1130,3.6583966499955087
1131,3.7123010925523077
1132,3.526518407121279
1133,3.110833077493295
1134,2.5117862264573985
1135,1.7851523681305703
1136,0.9867060166297807
1137,0.1722216860719945
1138,-0.6025261094258427
1139,-1.281762855746765
1140,-1.820222224339525
1141,-2.2146706289159566
1142,-2.472794961718276
1143,-2.603931286847607
1144,-2.6178279613697946
1145,-2.5245590846578434
1146,-2.3355017253134527
1147,-2.062358694245451
1148,-1.7168328023626787
1149,-1.3106268605739793
1150,-0.8554436797882095
1151,-0.36335072325657924
1152,0.15154828635323425
1153,0.6723535728358321
1154,1.1811045059123473
1155,1.6597196542973558
1156,2.0901175867054196
1157,2.454216871851113
1158,2.7339360784489974
1159,2.911193775213619
1160,2.9679085308595825
1161,2.886232364749166
1162,2.6492665244988984
1163,2.2404074110263053
1164,1.6486836631467408
1165,0.8915270193737022
1166,0.015729433495201617
1167,-0.9259812899406847
1168,-1.8808773463858846
1169,-2.796230931292344
1170,-3.6212891806926217
1171,-4.313413632670017
1172,-4.832799324801463
1173,-5.139855934392031
1174,-5.194933600385131
1175,-4.958048874869441
1176,-4.404749433964717
1177,-3.57437710447827
1178,-2.5222461092412414
1179,-1.303670671084756
1180,0.026034987160046708
1181,1.411556642662033
1182,2.7975800725900757
1183,4.128344719147261
1184,5.347522866800371
1185,6.403213193557954
1186,7.244732559555395
1187,7.821397824928095
1188,8.082525849811468
1189,7.99170866400271
1190,7.569638975946175
1191,6.851284663748044
1192,5.871613605514516
1193,4.665593679351737
1194,3.268192763365885
1195,1.7155412930137066
1196,0.04969888360704022
1197,-1.680351031446806
1198,-3.421764232553967
1199,-5.121051041187087
1200,-6.7247217788188145
1201,-8.17928676692184
1202,-9.431256326968787
1203,-10.427140780432332
1204,-11.11345044878513
1205,-11.448794330610898
1206,-11.44017613293764
1207,-11.106842197415109
1208,-10.468614695735933
1209,-9.545459757103401
1210,-8.357343510720877
1211,-6.924232085791624
1212,-5.266091611519015
1213,-3.4028882171063284
1214,-1.359105188549445
1215,0.8174833687500609
1216,3.053697423655601
1217,5.271134752795037
1218,7.391393132796232
1219,9.336070340286991
1220,11.02676415189516
1221,12.385072344248602
1222,13.332592693975144
1223,13.805392120647582
1224,13.797688571712737
1225,13.31926696193911
1226,12.380186662189454
1227,10.990507043326392
1228,9.160287476212634
1229,6.910449382161557
1230,4.31458188865744
1231,1.4940141911086124
1232,-1.4207050107082209
1233,-4.299027017016392
1234,-7.010403128039199
1235,-9.42428464399994
1236,-11.410122865121963
1237,-12.84476916100004
1238,-13.652028630882725
1239,-13.832520252061205
1240,-13.40404976218495
1241,-12.383756131665521
1242,-10.788611639104914
1243,-8.640250020801897
1244,-6.006949294257948
1245,-3.0736427363345005
1246,-0.053262074308776164
1247,2.841260964541962
1248,5.414047359368316
1249,7.548287609258294
1250,9.187659696632828
1251,10.28670029813912
1252,10.799946090424367
1253,10.680677878351297
1254,9.899985295956641
1255,8.53153031511902
1256,6.721803001541963
1257,4.629792365307209
1258,2.414487416496491
1259,0.2348771651915249
1260,-1.7500493785259592
1261,-3.403019385919149
1262,-4.673624753630992
1263,-5.53317355964932
1264,-5.952973881961987
1265,-5.904333798556875
1266,-5.383618752444349
1267,-4.487423646724835
1268,-3.3374007495213265
1269,-2.05520232895674
1270,-0.7624806531540704
1271,0.42597040147734977
1272,1.4326751464889476
1273,2.226554769571143
1274,2.7864150795206646
1275,3.0910618851342964
1276,3.1193009952087922
1277,2.851122033728929
1278,2.2879275374633825
1279,1.4990144664962222
1280,0.5703574329433183
1281,-0.412068951079406
1282,-1.3622900734560894
1283,-2.1943313220708127
1284,-2.822972548414347
1285,-3.1820285778549784
1286,-3.2703671994146175
1287,-3.103935345489924
1288,-2.699477710526219
1289,-2.073880923920184
1290,-1.2440316150684931
1291,-0.23710674454700764
1292,0.8785554023517754
1293,2.0243262091561887
1294,3.1215770593945678
1295,4.0916793365952575
1296,4.8662195963194055
1297,5.417645082259386
1298,5.72861821014031
1299,5.780493141955658
1300,5.54850471063569
1301,5.014216296993084
1302,4.205507659308335
1303,3.1713384498925996
1304,1.9631427800249406
1305,0.6323547609844362
1306,-0.7695914959498
1307,-2.1907562634616617
1308,-3.5768075297979243
1309,-4.869533635503991
1310,-6.002774098796837
1311,-6.908473687383454
1312,-7.518577168970841
1313,-7.7758589882303975
1314,-7.6740776323535105
1315,-7.2482896368573195
1316,-6.540142735231211
1317,-5.589882623532484
1318,-4.437452730282514
1319,-3.1227964840027167
1320,-1.6898371756133495
1321,-0.19841754563016067
1322,1.287639803032223
1323,2.7045122674592057
1324,3.9883772447361614
1325,5.088927198979052
1326,6.009914862426139
1327,6.768608034346253
1328,7.382274514008234
1329,7.868182100680888
1330,8.243598593633077
1331,8.517204352361956
1332,8.663329977278103
1333,8.647718629020396
1334,8.43670658137111
1335,8.000041639356692
1336,7.312221035829661
1337,6.355738007622671
1338,5.140913492806101
1339,3.6850253547597447
1340,2.005351456863375
1341,0.11916966249683503
1342,-1.9345186269768933
1343,-4.029817858261797
1344,-6.019108940078703
1345,-7.754772781148378
1346,-9.089190290191627
1347,-9.902716152556941
1348,-10.18760016010367
1349,-9.964299227634086
1350,-9.254203655211057
1351,-8.07893708921268
1352,-6.460123176017049
1353,-4.437175282811677
1354,-2.1206656600217713
1355,0.36104372111805105
1356,2.879590889373155
1357,5.306613873508867
1358,7.513750702290605
1359,9.372639404483692
1360,10.754918008853558
1361,11.563896337745998
1362,11.829571387828885
1363,11.613151816829266
1364,10.973119840053876
1365,9.96395389094694
1366,8.639246490617264
1367,7.0525901601737475
1368,5.25757742072513
1369,3.3101884935572174
1370,1.27595440066343
1371,-0.7772061357859652
1372,-2.7813743936206397
1373,-4.66863165067027
1374,-6.371059184764571
1375,-7.820738273733214
1376,-8.96589365988256
1377,-9.81932394342584
1378,-10.40997118905293
1379,-10.76677746145371
1380,-10.918684825318095
1381,-10.894635345335935
1382,-10.72331466886029
1383,-10.432382773896755
1384,-10.045733227021653
1385,-9.573219618441765
1386,-9.021185544271429
1387,-8.396136710506486
1388,-7.7052272626687195
1389,-6.955773456161392
1390,-6.155091546387761
1391,-5.310497788751085
1392,-4.429308438654628
1393,-3.518839751501634
1394,-2.5864079826953863
1395,-1.6403568261662138
1396,-0.6944466315786135
1397,0.23130720637253255
1398,1.115582391366535
1399,1.9370566270826877
1400,2.674407617200309
1401,3.306313065398712
1402,3.8114506753571726
1403,4.168498150755033
1404,4.3602071733623
1405,4.385625337311929
1406,4.247984333449582
1407,3.9509563271088455
1408,3.498323602245331
1409,2.901798255526314
1410,2.2048116344657442
1411,1.4587248992892494
1412,0.7148992102224866
1413,0.024695727491086727
1414,-0.5605243886793058
1415,-0.9933079801700421
1416,-1.2509906172853786
1417,-1.3514427524165493
1418,-1.32161363363253
1419,-1.1881408117334475
1420,-0.9775839132021895
1421,-0.7165025645216185
1422,-0.43244188418851853
1423,-0.156888958755148
1424,0.07768363321237656
1425,0.2388033131479109
1426,0.2939975024853136
1427,0.22447770759027974
1428,0.0661917745557086
1429,-0.13158256302377438
1430,-0.32098436127390584
1431,-0.4545068737505289
1432,-0.49292576472070015
1433,-0.4306658414134901
1434,-0.2725123222384959
1435,-0.023769925722580187
1436,0.31025662960734895
1437,0.7242626252244034
1438,1.2052873497810448
1439,1.7097461206472069
1440,2.1863982623721956
1441,2.5840030995052765
1442,2.851319956595757
1443,2.9372561836297217
1444,2.7918752587985973
1445,2.381830440522056
1446,1.7310816095126595
1447,0.8777742954416461
1448,-0.13994597201972736
1449,-1.2839336632002012
1450,-2.5160432484285162
1451,-3.7887551527101557
1452,-5.017053619757484
1453,-6.1065488479595516
1454,-6.962851035705494
1455,-7.491570381384355
1456,-7.598317083385224
1457,-7.215521308481772
1458,-6.382893096985941
1459,-5.166962457594318
1460,-3.6342593990034286
1461,-1.8513139299097983
1462,0.11534394098998924
1463,2.18910073414534
1464,4.253009086589152
1465,6.180038164500276
1466,7.843157134057596
1467,9.115335161439962
1468,9.869541412826191
1469,9.997555239950739
1470,9.487028281491643
1471,8.426948540568253
1472,6.926935565021244
1473,5.096608902691378
1474,3.045588101419372
1475,0.8850810706014798
1476,-1.2673508341438353
1477,-3.2925578956425694
1478,-5.0713903967207505
1479,-6.484698620204387
1480,-7.413332848919466
1481,-7.773886836005993
1482,-7.625112728610849
1483,-7.058244195198531
1484,-6.163699416984295
1485,-5.031896575183496
1486,-3.753253851011378
1487,-2.4181894256833605
1488,-1.1107585966269662
1489,0.11043487388117201
1490,1.1931501073521205
1491,2.0851462252969974
1492,2.7341823492268844
1493,3.08801760065287
1494,3.113712389332615
1495,2.856432893188097
1496,2.3842490391004665
1497,1.7661313691289684
1498,1.0710504253328392
1499,0.3679002793493559
1500,-0.27473087887215286
1501,-0.7988627093048544
1502,-1.1886403899236175
1503,-1.4402510193735276
1504,-1.555923860979026
1505,-1.5407873598177388
1506,-1.405524523300671
1507,-1.1622069994222715
1508,-0.8229064361768932
1509,-0.3996944815589799
1510,0.09535721643709594
1511,0.6460098558110848
1512,1.2193472764449975
1513,1.7782511958366778
1514,2.285594589389543
1515,2.7042504325069405
1516,2.997091700592185
1517,3.126833763443539
1518,3.0553649426112965
1519,2.752925481062045
1520,2.2322524780494315
1521,1.5374165063321636
1522,0.7179974994627898
1523,-0.17642460900612522
1524,-1.0962698855221111
1525,-1.9919583965325998
1526,-2.813910208485069
1527,-3.5125453878269752
1528,-4.046406595447395
1529,-4.406526870001561
1530,-4.592061844586365
1531,-4.601236672283888
1532,-4.427932041321176
1533,-4.061176631937084
1534,-3.483651184418135
1535,-2.6921107949787593
1536,-1.7453333787009804
1537,-0.7176025553836767
1538,0.3167980551741765
1539,1.283584833173671
1540,2.1084741588159037
1541,2.7257893930621258
1542,3.1105206290552623
1543,3.2712201772619585
1544,3.222679157289707
1545,2.979223636402784
1546,2.5531693895469516
1547,1.9557668075431391
1548,1.2085603843607549
1549,0.3748713583452521
1550,-0.4715348460639329
1551,-1.2568928044273973
1552,-1.9074370923057091
1553,-2.3494022852594383
1554,-2.52485810556435
1555,-2.4398319067983034
1556,-2.119666789923465
1557,-1.5943725919569365
1558,-0.8949715728192452
1559,-0.05839331924386393
1560,0.854803274783688
1561,1.7788694843444524
1562,2.6509265680376206
1563,3.4088132803418607
1564,3.9903683757358475
1565,4.333693981248588
1566,4.378074657326187
1567,4.0725997247559445
1568,3.4150531288100203
1569,2.4620973159270507
1570,1.2828579541054537
1571,-0.0535392886563284
1572,-1.4779687443598362
1573,-2.921304745006658
1574,-4.314149686087667
1575,-5.5907100472670335
1576,-6.703687692562232
1577,-7.610476316206707
1578,-8.268469612433936
1579,-8.635061275477359
1580,-8.665581603350756
1581,-8.318116436654355
1582,-7.6036443709204775
1583,-6.587831694310339
1584,-5.342957778820124
1585,-3.92407576662234
1586,-2.381932242433539
1587,-0.7672737909702887
1588,0.8691530030508652
1589,2.476601554913355
1590,4.006708627576759
1591,5.422988056780786
1592,6.700711754243644
1593,7.817495313759129
1594,8.750954329121033
1595,9.478704394123183
1596,9.978361102559347
1597,10.227540048223336
1598,10.203856824908959
1599,9.884783265170567
1600,9.247006481386418
1601,8.266231123821415
1602,6.936187998762815
1603,5.323551237461342
1604,3.5132308024084944
1605,1.5901366560958334
1606,-0.360821238985106
1607,-2.25473292034275
1608,-4.006688425485632
1609,-5.541977581076807
1610,-6.8266893703979985
1611,-7.837112565885561
1612,-8.549535939975826
1613,-8.94024826510519
1614,-8.986933135200161
1615,-8.685012055508896
1616,-8.079935854213762
1617,-7.229313984858038
1618,-6.190755900985005
1619,-5.021871056137956
1620,-3.7802689038601756
1621,-2.5163225386096904
1622,-1.251459618503307
1623,0.00012855742748874022
1624,1.2242506901511163
1625,2.406715480636094
1626,3.533331629850899
1627,4.5899078387640095
1628,5.562252808343921
1629,6.436309175775052
1630,7.20122670477103
1631,7.8564308882536205
1632,8.401843666135
1633,8.836843244658695
1634,9.160962003365533
1635,9.374349014985619
1636,9.477307525546445
1637,9.470290585235244
1638,9.354350460878443
1639,9.1306892234622
1640,8.800508943972755
1641,8.365011693396266
1642,7.825399542718957
1643,7.182874562927005
1644,6.433724155603968
1645,5.558274478544674
1646,4.546726755429062
1647,3.3929796437589377
1648,2.090931801036161
1649,0.6344818847625762
1650,-0.9693085822756622
1651,-2.660726616155118
1652,-4.36689636766801
1653,-6.014941987606617
1654,-7.531987626763155
1655,-8.845157435929874
1656,-9.879591332287387
1657,-10.562876963507112
1658,-10.860527260987022
1659,-10.74119510600401
1660,-10.168991655771453
1661,-9.107299922089666
1662,-7.538477171343289
1663,-5.5207776882544275
1664,-3.1535404989414353
1665,-0.6245465767703999
1666,1.8563126180806604
1667,4.092801990217174
1668,5.956651019628156
1669,7.386602016085177
1670,8.33473640560946
1671,8.753135614222291
1672,8.593597971239
1673,7.806619418792829
1674,6.385188016189451
1675,4.4959426836255645
1676,2.3489775566103615
1677,0.1543867706530353
1678,-1.8777355387372636
1679,-3.537295236051388
1680,-4.658343262171556
1681,-5.252994592300493
1682,-5.383444193050785
1683,-5.113818102498336
1684,-4.510031729553688
1685,-3.638447825836057
1686,-2.5654291429645495
1687,-1.3642209625129353
1688,-0.13559868587320079
1689,1.0127797556082005
1690,1.973256430584735
1691,2.6381734077098584
1692,2.8983975282912366
1693,2.6826813843533612
1694,2.093448980976011
1695,1.2769109833393069
1696,0.3792780566233136
1697,-0.4651275093998397
1698,-1.1787971347367043
1699,-1.7331514473888816
1700,-2.108871283504681
1701,-2.2866374792323967
1702,-2.2472525440917748
1703,-1.9720231396773724
1704,-1.4566275234448405
1705,-0.753481763970196
1706,0.07124660346108003
1707,0.9531045292566402
1708,1.8280675852473554
1709,2.632111343264148
1710,3.302273382100224
1711,3.7964344217065236
1712,4.139917642231884
1713,4.374641337134003
1714,4.542523799870601
1715,4.685483323899383
1716,4.833490157387128
1717,4.968722367336853
1718,5.061518653192797
1719,5.082610039039958
1720,5.002666681543557
1721,4.7923163510807125
1722,4.4295048111395925
1723,3.921449797652251
1724,3.2826870396616883
1725,2.5277522662110012
1726,1.6711812063431237
1727,0.7275095891011931
1728,-0.2819872115311881
1729,-1.3090752418078155
1730,-2.298780903041766
1731,-3.1961305965462317
1732,-3.9461507236343847
1733,-4.511846911435611
1734,-4.928141690344488
1735,-5.24793681657185
1736,-5.524134046328554
1737,-5.80963513582544
1738,-6.157341841273333
1739,-6.609248936698751
1740,-7.163723267390757
1741,-7.808224696454072
1742,-8.530213086993424
1743,-9.31714830211355
1744,-10.156490204919164
1745,-11.0246660036408
1746,-11.853972287012185
1747,-12.565672988892889
1748,-13.081032043142443
1749,-13.321313383620394
1750,-13.20731204540306
1751,-12.657947468433868
1752,-11.616304067116747
1753,-10.124001748830713
1754,-8.247294294198525
1755,-6.052435483842982
1756,-3.6056790983868483
1757,-0.9732789184528956
1758,1.7765412923401689
1759,4.559073778004251
1760,7.253224558012788
1761,9.729295591453546
1762,11.857588837414283
1763,13.508406254982807
1764,14.57084762479137
1765,15.016409317435322
1766,14.863378889979789
1767,14.133740101226532
1768,12.847858055010956
1769,11.025900153980754
1770,8.701159165394603
1771,5.965074913472427
1772,2.9447949811136063
1773,-0.2268874502654583
1774,-3.4171791992482783
1775,-6.493287084418425
1776,-9.322417924359428
1777,-11.771778537654868
1778,-13.713015053256244
1779,-15.035530841586954
1780,-15.651154640800137
1781,-15.543894115872238
1782,-14.717082034280082
1783,-13.176405875128033
1784,-10.958251599133716
1785,-8.212413195178144
1786,-5.1169069112539205
1787,-1.839946916809609
1788,1.4894609328823911
1789,4.753720891313145
1790,7.841669332851502
1791,10.64375066208573
1792,13.050409283604127
1793,14.95208960199495
1794,16.245117262584518
1795,16.87070986399928
1796,16.86280925086168
1797,16.282224433604874
1798,15.191139466527638
1799,13.651738403928768
1800,11.72620530010707
1801,9.477249117571628
1802,6.97101724654191
1803,4.279537164924062
1804,1.476175145493368
1805,-1.3657025389749151
1806,-4.166088732701614
1807,-6.818412747891908
1808,-9.222033548120782
1809,-11.326592234457927
1810,-13.097386753657927
1811,-14.512060297719747
1812,-15.550106433096328
1813,-16.186074978811714
1814,-16.392667353438483
1815,-16.139770457738454
1816,-15.407882880576157
1817,-14.227869769109358
1818,-12.646753306608268
1819,-10.727659013862175
1820,-8.546012301526215
1821,-6.1794449950518775
1822,-3.705588919890615
1823,-1.2020759014938713
1824,1.2534622346868627
1825,3.5833936632001713
1826,5.710086558594531
1827,7.555909095418524
1828,9.045135915518806
1829,10.114797773391821
1830,10.724352864662064
1831,10.838389628411491
1832,10.433821602606862
1833,9.536862720754518
1834,8.18497729416772
1835,6.426979470116551
1836,4.378897430569841
1837,2.195183576578055
1838,0.035984183894929966
1839,-1.938554471725788
1840,-3.583112606695629
1841,-4.8252500055657315
1842,-5.661647342965882
1843,-6.102558893004225
1844,-6.1582389297889275
1845,-5.840025517026366
1846,-5.165131294118293
1847,-4.1580103592737565
1848,-2.859160706137086
1849,-1.3670982408842405
1850,0.20515665217582812
1851,1.7445835887341938
1852,3.138162184481872
1853,4.27287205510997
1854,5.03630964551116
1855,5.345090865172764
1856,5.223004987484949
1857,4.72178520782412
1858,3.8935126651161522
1859,2.7902684982869554
1860,1.4640376696538762
1861,-0.029000516967610857
1862,-1.6144467426402032
1863,-3.2133226404941126
1864,-4.746649843659495
1865,-6.135449985266504
1866,-7.3007446984453575
1867,-8.18000316122624
1868,-8.7764847312396
1869,-9.109896311015962
1870,-9.199944803085799
1871,-9.065811959308508
1872,-8.724578928859147
1873,-8.192801710241667
1874,-7.4861016022488
1875,-6.616361104828402
1876,-5.594528018217164
1877,-4.431550142651758
1878,-3.138375278368823
1879,-1.7259512256050709
1880,-0.20522578459713348
1881,1.4097678712118578
1882,3.091380380133981
1883,4.803778225599285
1884,6.509853195618809
1885,8.172497078203644
1886,9.754601661364848
1887,11.219058733113528
1888,12.528760081460721
1889,13.646597494417552
1890,14.535462759995042
1891,15.16589736344021
1892,15.539041578943772
1893,15.663685377932346
1894,15.548338116606246
1895,15.20015935313187
1896,14.625118681934769
1897,13.828958360311821
1898,12.817420645559892
1899,11.60065539735995
1900,10.206442884929208
1901,8.666970979868907
1902,7.014427553780381
1903,5.281000478264875
1904,3.4988776249236713
1905,1.7002468653580838
1906,-0.08270392883065458
1907,-1.8177868860412412
1908,-3.472814134672399
1909,-5.019036680946698
1910,-6.441461042382125
1911,-7.728532614320549
1912,-8.86869679210378
1913,-9.85197811500215
1914,-10.674717697999686
1915,-11.334835800008891
1916,-11.830252679942276
1917,-12.15888859671233
1918,-12.318663809231563
1919,-12.307498177472254
1920,-12.123166298522108
1921,-11.763147449392788
1922,-11.229106916285463
1923,-10.535832480268782
1924,-9.701322609288535
1925,-8.743575771290523
1926,-7.680590434220521
1927,-6.530830962315799
1928,-5.316144436485293
1929,-4.064920359952424
1930,-2.8070673674463755
1931,-1.5724940936963319
1932,-0.39110917343147733
1933,0.7086283103346971
1934,1.7040574814515033
1935,2.5739670154839214
1936,3.2971455879969556
1937,3.8520184728984597
1938,4.215557337467784
1939,4.372755023513035
1940,4.342004736940177
1941,4.1495324972586385
1942,3.821426383332235
1943,3.3837744740247926
1944,2.862664848200142
1945,2.2841855847220933
1946,1.674424762454473
1947,1.0616670270963722
1948,0.48298329168794174
1949,-0.022061803219659337
1950,-0.41271497437238036
1951,-0.6578812989987909
1952,-0.766287938960883
1953,-0.7566175772790401
1954,-0.6478034786708438
1955,-0.45990332095717124
1956,-0.2152776915041213
1957,0.057216943457659375
1958,0.3266886863530755
1959,0.5621277774185134
1960,0.7325244568903635
1961,0.8068689650050197
1962,0.761409898876162
1963,0.6014292831266176
1964,0.34021586255037617
1965,-0.005948164883230356
1966,-0.42003223791098243
1967,-0.8850057952696977
1968,-1.3838382756961771
1969,-1.8996773135170584
1970,-2.4176634299207045
1971,-2.928235759694815
1972,-3.4231135421294736
1973,-3.892424199665955
1974,-4.319927887350303
1975,-4.687792943379785
1976,-4.97818770595163
1977,-5.173232046014286
1978,-5.258188699479232
1979,-5.231493422969122
1980,-5.094416915571779
1981,-4.848104428501767
1982,-4.4937012129736384
1983,-4.032352520201959
1984,-3.465203601401268
1985,-2.793399707786129
1986,-2.018086090571107
1987,-1.1433695419690926
1988,-0.18520301818640972
1989,0.837498983572325
1990,1.9058219661024127
1991,3.0008514321992257
1992,4.103672884658089
1993,5.195371826274366
1994,6.257033759843385
1995,7.269744188160515
1996,8.214588614021089
1997,9.072652540220439
1998,9.827299775154703
1999,10.471375993531513
2000,11.001479751292987
2001,11.414578248289647
2002,11.70763868437204
2003,11.8776282593907
2004,11.921009350534217
2005,11.833557747461736
2006,11.615875229643263
2007,11.269896279667012
2008,10.797555380121224
2009,10.19761204020661
2010,9.456125875573957
2011,8.561748780283672
2012,7.526201655585023
2013,6.366972654524364
2014,5.1015499301481375
2015,3.747421635502758
2016,2.322075923634597
2017,0.8449359289633973
2018,-0.6568352885978621
2019,-2.1541396877629255
2020,-3.6178792272455116
2021,-5.018955865759309
2022,-6.32262085629156
2023,-7.478180748136285
2024,-8.455923861712469
2025,-9.235419665444947
2026,-9.806729742930408
2027,-10.162538706558447
2028,-10.295531168718707
2029,-10.198391741800789
2030,-9.863607315056324
2031,-9.282873885184966
2032,-8.447614964432574
2033,-7.348955019782054
2034,-5.9899562617138145
2035,-4.421730919961155
2036,-2.7074037290706645
2037,-0.9100994235889059
2038,0.9070572619375366
2039,2.6809415929621396
2040,4.348428834938302
2041,5.846394253319465
2042,7.111713113559057
2043,8.081260681110537
2044,8.691912221427318
2045,8.880542999962824
2046,8.604003812650557
2047,7.899047577344281
2048,6.8224027423778075
2049,5.43079775608493
2050,3.7809610667994664
2051,1.9296211228552473
2052,-0.06699130700576017
2053,-2.1469639446487383
2054,-4.218193280490222
2055,-6.180903577186619
2056,-7.935319097394304
2057,-9.381664103769694
2058,-10.43799632752555
2059,-11.093707374100145
2060,-11.356428506843084
2061,-11.235569391376567
2062,-10.745094206638129
2063,-9.915219080285635
2064,-8.787547187205071
2065,-7.40564502795203
2066,-5.813079103082136
2067,-4.053415913151014
2068,-2.1698845116271164
2069,-0.20379731927534728
2070,1.806138067646442
2071,3.821780897235336
2072,5.804990417588414
2073,7.717625876802788
2074,9.521546522975566
2075,11.18420644782412
2076,12.695439117546869
2077,14.05067284196264
2078,15.245335930890098
2079,16.274856694148056
2080,17.134663441555197
2081,17.82018448293031
2082,18.327864094463564
2083,18.65821041783108
2084,18.81241756946855
2085,18.789708851772758
2086,18.586374185161183
2087,18.198052642459487
2088,17.620383296493337
2089,16.842690018492796
2090,15.834867305778443
2091,14.583820183966376
2092,13.082285111145394
2093,11.322998545404303
2094,9.29869694483196
2095,7.009803218956119
2096,4.49368674371779
2097,1.8202059891270252
2098,-0.9345799141485465
2099,-3.6946118354413375
2100,-6.383830644083721
2101,-8.92637738936473
2102,-11.25210488329884
2103,-13.310710289453402
2104,-15.056801814294893
2105,-16.44498766428974
2106,-17.429876045904415
2107,-17.980963394539046
2108,-18.127299061328543
2109,-17.912234066055454
2110,-17.376503342787053
2111,-16.559175887019926
2112,-15.497378601630938
2113,-14.221549397302688
2114,-12.760453936669137
2115,-11.142857882364286
2116,-9.39752689702214
2117,-7.554880814043279
2118,-5.651956149894821
2119,-3.727443591810462
2120,-1.8200338270239405
2121,0.03158245723107367
2122,1.7932221271250546
2123,3.446974379921884
2124,4.972404436195879
2125,6.347319633997933
2126,7.549527311378908
2127,8.556834806389691
2128,9.347049457081145
2129,9.897978601504182
2130,10.187429577709622
2131,10.201485187078095
2132,9.959509471258897
2133,9.49003761016088
2134,8.822496679161144
2135,7.986491880766431
2136,7.011860926013429
2137,5.929371560058954
2138,4.770024036589856
2139,3.564818609292938
2140,2.3447555318550446
2141,1.1408350579630002
2142,-0.01955479256035142
2143,-1.1234749353481441
2144,-2.161598519897578
2145,-3.1245986957057297
2146,-4.003148612269801
2147,-4.787921419086919
2148,-5.4695902656542135
2149,-6.039217812764338
2150,-6.489424766392083
2151,-6.8132213438077045
2152,-7.0038772790305766
2153,-7.058858918525477
2154,-6.988526307301976
2155,-6.806398035818567
2156,-6.525992694533745
2157,-6.160828873905972
2158,-5.724425164393777
2159,-5.230300156455623
2160,-4.691972440549993
2161,-4.12287016665314
2162,-3.536059722812253
2163,-2.9411825069777633
2164,-2.334541718642123
2165,-1.70910600768324
2166,-1.0578440239790523
2167,-0.3737244174075163
2168,0.35028416215349756
2169,1.1212130648260117
2170,1.9438918878419003
2171,2.8127756573659566
2172,3.7138474086479656
2173,4.6315226174314805
2174,5.55021675946011
2175,6.454345310477386
2176,7.3283237462269115
2177,8.1563808247329
2178,8.921998433142015
2179,9.60680008616712
2180,10.187310708592081
2181,10.644735686202917
2182,10.9617869428839
2183,11.120625580129225
2184,11.102431772336022
2185,10.888160834834732
2186,10.458768082955938
2187,9.795208832030138
2188,8.885098920790412
2189,7.747172427836215
2190,6.4247285401935095
2191,4.965542591144299
2192,3.4173899139705615
2193,1.828045841954279
2194,0.2452857083774287
2195,-1.2831151534780103
2196,-2.7119210687626705
2197,-4.0060549963576575
2198,-5.134237521550681
2199,-6.070221101525254
2200,-6.7890161614389015
2201,-7.272421025214801
2202,-7.533095362512586
2203,-7.605325744452102
2204,-7.527108492826797
2205,-7.335872538814459
2206,-7.066777251130177
2207,-6.74962192810161
2208,-6.395404358162579
2209,-6.011806486747794
2210,-5.606879468485157
2211,-5.1886744580025805
2212,-4.765242609927945
2213,-4.344406358361855
2214,-3.9309761673503836
2215,-3.5211454286308683
2216,-3.109010445995313
2217,-2.6886675232357433
2218,-2.254212964144127
2219,-1.7997430725124683
2220,-1.3193541521327656
2221,-0.8132571986389765
2222,-0.30612197503298155
2223,0.1712670638414231
2224,0.5881254631403978
2225,0.9136687680201101
2226,1.1200217293808796
2227,1.1948937962913702
2228,1.1446951243320131
2229,0.9797837442751165
2230,0.7105176868930403
2231,0.34725498295810464
2232,-0.09067988001249172
2233,-0.5480965875220637
2234,-0.9608383683290646
2235,-1.265269922152598
2236,-1.3998418325542805
2237,-1.3035261540563738
2238,-0.9332117992254378
2239,-0.3174551128051575
2240,0.49727070241648574
2241,1.4644924436514954
2242,2.5377369081119237
2243,3.670530893009766
2244,4.811165467650503
2245,5.886988789713381
2246,6.820113288971056
2247,7.53265139519627
2248,7.946715538161684
2249,7.9844181476399765
2250,7.56727617212475
2251,6.643073801248985
2252,5.273596408389887
2253,3.5492785331804635
2254,1.560554715253771
2255,-0.6021405057571592
2256,-2.8483725902192942
2257,-5.085070868523445
2258,-7.208620151155777
2259,-9.112769118626293
2260,-10.691266451445001
2261,-11.837860830121912
2262,-12.470620823641227
2263,-12.605001016587408
2264,-12.280988261605724
2265,-11.537822004136562
2266,-10.414528222393171
2267,-8.955326808875688
2268,-7.224622853988557
2269,-5.289653525451033
2270,-3.2170655317394132
2271,-1.073505581329976
2272,1.0743796173010116
2273,3.1599433556772736
2274,5.116538925322516
2275,6.880583264694477
2276,8.408503691971717
2277,9.690814340206124
2278,10.72578513443443
2279,11.511685999693354
2280,12.046786861019651
2281,12.329357643450038
2282,12.362104505576516
2283,12.165679878414876
2284,11.76597777934682
2285,11.189093563956725
2286,10.461122587828964
2287,9.608160206547879
2288,8.656301775697868
2289,7.631642650863282
2290,6.55800763428564
2291,5.450139314835069
2292,4.320509728038829
2293,3.181090670917529
2294,2.041718570215189
2295,0.9111919491689493
2296,-0.2018250852340424
2297,-1.2886684260067094
2298,-2.3406739661619484
2299,-3.3491775987126715
2300,-4.305515216671757
2301,-5.201022713052112
2302,-6.0270359808666045
2303,-6.774890913128182
2304,-7.435923402849714
2305,-8.001469343044088
2306,-8.462864626724228
2307,-8.811445146903012
2308,-9.038546796593332
2309,-9.135505468808127
2310,-9.093726636435676
2311,-8.904778935935125
2312,-8.563453412859104
2313,-8.079144024877714
2314,-7.465915207718903
2315,-6.738095653389504
2316,-5.9100140538963295
2317,-4.995999101246192
2318,-4.010379487445936
2319,-2.9674839045023402
2320,-1.8816410444222416
2321,-0.7671795992124619
2322,0.36157173912017804
2323,1.4902842785688755
2324,2.604629327126796
2325,3.6902781927871384
2326,4.732902183543055
2327,5.718172607387745
2328,6.631760772314409
2329,7.4596826548248085
2330,8.189375698937045
2331,8.808793191105966
2332,9.305335193301179
2333,9.664017695623473
2334,9.86926067020648
2335,9.905484089183824
2336,9.757451150220344
2337,9.411297953106128
2338,8.854275746088298
2339,8.077549432819346
2340,7.081848072650553
2341,5.890680200496812
2342,4.533042729238527
2343,3.037932571756091
2344,1.4370390213658828
2345,-0.22717910687152276
2346,-1.9120146818368031
2347,-3.5845368299195126
2348,-5.214258741886458
2349,-6.770693608504473
2350,-8.223354620540327
2351,-9.541754968760845
2352,-10.693809892229726
2353,-11.647907890623369
2354,-12.39829978161529
2355,-12.946101450304125
2356,-13.292428781788452
2357,-13.43839766116687
2358,-13.384946256133588
2359,-13.132301864765275
2360,-12.680514067734237
2361,-12.029632445712728
2362,-11.17970657937304
2363,-10.13078604938746
2364,-8.8871161706602
2365,-7.4697251950233134
2366,-5.903837108540744
2367,-4.2146758972764715
2368,-2.427465547294494
2369,-0.5674300446587575
2370,1.3402066245667559
2371,3.2671952307792003
2372,5.17318557022028
2373,7.014802195592855
2374,8.749756276588847
2375,10.340105450856552
2376,11.754655058750602
2377,12.984854783494548
2378,14.0278153940291
2379,14.88064765929499
2380,15.540462348232996
2381,16.004370229783852
2382,16.26937102656475
2383,16.331734799783458
2384,16.186478659862743
2385,15.82833424111
2386,15.252033177832605
2387,14.452307104337969
2388,13.423887654933472
2389,12.161506463926548
2390,10.659895165624558
2391,8.913785394334894
2392,6.9267420616144975
2393,4.737663188018287
2394,2.398683814589769
2395,-0.02044604467142097
2396,-2.445572632526634
2397,-4.8025421917371895
2398,-7.0172009650644265
2399,-9.015395195269665
2400,-10.722971125114242
2401,-12.065964493372942
2402,-12.976705726672328
2403,-13.409861562844306
2404,-13.324738314953471
2405,-12.688814977463803
2406,-11.530189114911522
2407,-9.946603151473276
2408,-8.050270427320704
2409,-5.953404282625412
2410,-3.7639318664053976
2411,-1.568092460458323
2412,0.570333254995429
2413,2.5921077023414165
2414,4.437993303965178
2415,6.048752482252258
2416,7.365147659588185
2417,8.327941258358504
2418,8.87789570094877
2419,8.975002504071902
2420,8.656308308729866
2421,7.978821910444299
2422,7.000403140813924
2423,5.779089903711874
2424,4.372920103011298
2425,2.839931642585358
2426,1.2381624263071855
2427,-0.37434964195009
2428,-1.9395666583133075
2429,-3.3994507189093106
2430,-4.6959639198649805
2431,-5.7710683573071595
2432,-6.566726127362678
2433,-7.036962705698109
2434,-7.184057086138562
2435,-7.023513557814031
2436,-6.575484072915012
2437,-5.861282499397182
2438,-4.902222705216261
2439,-3.7196185583278942
2440,-2.3347839266877277
2441,-0.7690326782515049
2442,0.9461843226123778
2443,2.7388682258843224
2444,4.52688318513191
2445,6.228093353922808
2446,7.760362885824608
2447,9.041555934404986
2448,10.001980951088532
2449,10.621723578727817
2450,10.89324805410536
2451,10.808966190674875
2452,10.362065667481922
2453,9.54594455595171
2454,8.361295766007993
2455,6.840761368921108
2456,5.035357503870541
2457,2.998870117388403
2458,0.7850851560068595
2459,-1.5522114337419612
2460,-3.9592337053259294
2461,-6.382195712212903
2462,-8.767311507870769
2463,-11.060795145767374
2464,-13.208860679370572
2465,-15.15868555950163
2466,-16.862611154047265
2467,-18.28353125935276
2468,-19.403040881404486
2469,-20.207082746686226
2470,-20.681599581681656
2471,-20.81253411287453
2472,-20.58552994822049
2473,-19.98480654097183
2474,-18.99480566734053
2475,-17.613237321089173
2476,-15.870312630759626
2477,-13.804009967625431
2478,-11.452307702960145
2479,-8.855079502502635
2480,-6.059780209853161
2481,-3.11575996307724
2482,-0.0720680760440473
2483,3.0234494341627833
2484,6.1232473746560405
2485,9.179780552548491
2486,12.145503774952882
2487,14.972871848982003
2488,17.614339581748638
2489,20.022361780365518
2490,22.149878263728425
2491,23.95176889786508
2492,25.38928337814681
2493,26.447210670187417
2494,27.116224557161388
2495,27.386998822243108
2496,27.25745197516303
2497,26.754481431875504
2498,25.912229334890792
2499,24.764837826719244
2500,23.346449049871172
2501,21.691205146856888
2502,19.832849058308852
2503,17.80352691734837
2504,15.634221658640115
2505,13.352860230533881
2506,10.986605584800792
2507,8.562620673211896
2508,6.108068447538278
2509,3.650111859551023
2510,1.2159138610212228
2511,-1.1673625962800802
2512,-3.472554560581756
2513,-5.67249908011274
2514,-7.741565239081911
2515,-9.66025026561783
2516,-11.413750004466062
2517,-12.999926622920334
2518,-14.419808868911414
2519,-15.674425490370073
2520,-16.76480523522708
2521,-17.691976851413173
2522,-18.456969086859196
2523,-19.060810689495863
2524,-19.504530407253956
2525,-19.789156988064242
2526,-19.91670114584646
2527,-19.89310145847606
2528,-19.725172435326478
2529,-19.41930444780688
2530,-18.981781832835406
2531,-18.41888892733018
2532,-17.736910068209344
2533,-16.942129592391012
2534,-16.040831836793323
2535,-15.039301138334391
2536,-13.943821833932386
2537,-12.761913562300341
2538,-11.506104420506494
2539,-10.190426812115732
2540,-8.828980391868297
2541,-7.435864814504496
2542,-6.025179734764621
2543,-4.611024807388943
2544,-3.2074996871177293
2545,-1.828704028691301
2546,-0.48873748684989504
2547,0.7983002836661761
2548,2.0183096281166364
2549,3.1571908917612053
2550,4.200226065247613
2551,5.130223720775588
2552,5.931239783061167
2553,6.594793005333573
2554,7.114267847950275
2555,7.483048771268777
2556,7.694520235646564
2557,7.745071189899903
2558,7.643232978904493
2559,7.401222237168632
2560,7.032112170528653
2561,6.549159017096793
2562,5.965701777066472
2563,5.295410498956012
2564,4.552037993364932
2565,3.749337070892662
2566,2.90060656098927
2567,2.017329368506792
2568,1.1109872399993286
2569,0.1949324480616137
2570,-0.7167929733226428
2571,-1.6100877555353925
2572,-2.470850629958549
2573,-3.2843316892251604
2574,-4.033186470972305
2575,-4.699143762668582
2576,-5.265312345785617
2577,-5.724492649101345
2578,-6.071977541075119
2579,-6.303059890166278
2580,-6.413032564834191
2581,-6.397623021718238
2582,-6.2546621055825025
2583,-5.98387539098961
2584,-5.585353487906776
2585,-5.059187006301234
2586,-4.405466556140244
2587,-3.624282747390991
2588,-2.7157261900207357
2589,-1.6807121597925647
2590,-0.5252657831592336
2591,0.7336816046580981
2592,2.0660403091396624
2593,3.4388838428175976
2594,4.819285718223994
2595,6.174319447890992
2596,7.471058544350726
2597,8.676576520135326
2598,9.757946887776866
2599,10.682243159807534
2600,11.418735644793884
2601,11.94542105344954
2602,12.242249764558846
2603,12.289154097551087
2604,12.06623726239846
2605,11.553645191709023
2606,10.731523818090782
2607,9.580019074151794
2608,8.079276892500033
2609,6.219552697612086
2610,4.040575305121647
2611,1.6283247172631246
2612,-0.9221836400460601
2613,-3.515934340888493
2614,-6.057911959346746
2615,-8.45310106950339
2616,-10.606486245441003
2617,-12.424077998288404
2618,-13.82277312942746
2619,-14.747624545559354
2620,-15.150467695453482
2621,-14.982498937032364
2622,-14.191973283826949
2623,-12.757967546251919
2624,-10.791176800704395
2625,-8.435296935328102
2626,-5.8340238382667495
2627,-3.125409062574036
2628,-0.42028566626954333
2629,2.19472224641311
2630,4.637631725914315
2631,6.826459822674425
2632,8.679223587133848
2633,10.11394006973293
2634,11.059412089715224
2635,11.501437486529989
2636,11.491756737731993
2637,11.094324994482053
2638,10.370311982442367
2639,9.380253798567962
2640,8.184686539813871
2641,6.844146303135101
2642,5.419169185486684
2643,3.970291283823637
2644,2.558048695100998
2645,1.23976567258948
2646,0.05624568296043542
2647,-0.9722383150913396
2648,-1.83958684210558
2649,-2.542325435465111
2650,-3.0769796325527685
2651,-3.440074970751357
2652,-3.62813698744371
2653,-3.6376912200126457
2654,-3.4704594324680347
2655,-3.15048481971872
2656,-2.7131342134992757
2657,-2.1952362204761373
2658,-1.6336007599509754
2659,-1.0650377512254803
2660,-0.5263571136013326
2661,-0.05436876638020566
2662,0.31411737113621596
2663,0.5422913796462496
2664,0.6057371196075405
2665,0.530800023177818
2666,0.3609651129253698
2667,0.14090386408130534
2668,-0.08471224812328385
2669,-0.2768686671509988
2670,-0.419178511239345
2671,-0.5009966107551247
2672,-0.5125907650517155
2673,-0.4466087478950475
2674,-0.2962721282953289
2675,-0.054802475262733574
2676,0.2758899865623489
2677,0.6591404100187807
2678,1.0495952923152467
2679,1.4019011306604217
2680,1.6707044222629817
2681,1.809916044168829
2682,1.7827351245000447
2683,1.6005480981251268
2684,1.2869721316398366
2685,0.8656243916399677
2686,0.36012204472129516
2687,-0.20591774252041462
2688,-0.8077604210642211
2689,-1.4156369727610951
2690,-1.9964012393266226
2691,-2.5163421230488345
2692,-2.9417485262157634
2693,-3.2389093511154536
2694,-3.3741135000359215
2695,-3.3242035027861485
2696,-3.1078548214934885
2697,-2.7522949142921522
2698,-2.282468379740143
2699,-1.7228444959427627
2700,-1.0978925410052982
2701,-0.43208179303304206
2702,0.25011846986871
2703,0.9242389695946627
2704,1.5658104280395255
2705,2.152594582713215
2706,2.6715156837938525
2707,3.1126827979042964
2708,3.4664434418747665
2709,3.7231451325355067
2710,3.87313538671673
2711,3.906761721248683
2712,3.814521120726728
2713,3.587758628692206
2714,3.2189695079931484
2715,2.700899209362966
2716,2.0268426440573943
2717,1.2015198993215637
2718,0.26710985852345015
2719,-0.7249812610688238
2720,-1.7233472421871379
2721,-2.6765818675633577
2722,-3.5332789199293697
2723,-4.2422402491555395
2724,-4.753099973666148
2725,-5.023521641524556
2726,-5.042745544233756
2727,-4.808998509546818
2728,-4.320798658654162
2729,-3.5766641127461893
2730,-2.5875238621510723
2731,-1.413950373747876
2732,-0.12892698355343057
2733,1.194562972415436
2734,2.4835361581419115
2735,3.665009237609185
2736,4.6766345773593185
2737,5.498607354170035
2738,6.121758447377962
2739,6.536918736319722
2740,6.734919100331927
2741,6.706248277024052
2742,6.440026437096904
2743,5.927738134520533
2744,5.178127894609396
2745,4.22838225310991
2746,3.1221216171274238
2747,1.902966393767255
2748,0.6145369901347322
2749,-0.699546186664795
2750,-1.9956627295260052
2751,-3.2301922313435805
2752,-4.359514285012164
2753,-5.340008483426443
2754,-6.129742771077609
2755,-6.701366161635207
2756,-7.060526671534035
2757,-7.2205321953727815
2758,-7.1940194892367355
2759,-6.993176103808009
2760,-6.629063906668961
2761,-6.112463344627149
2762,-5.454154864490045
2763,-4.664918913065172
2764,-3.7570217276044495
2765,-2.7486727071373807
2766,-1.6629329838020395
2767,-0.536327460393375
2768,0.5912530176296191
2769,1.679917604807859
2770,2.689775455682255
2771,3.584640706383091
2772,4.343147419397614
2773,4.950797810121058
2774,5.405746779222811
2775,5.709312398690812
2776,5.862812740513023
2777,5.86756587667738
2778,5.725108338175961
2779,5.437850492017217
2780,5.0091299486336585
2781,4.447684855886079
2782,3.7732237450497426
2783,3.0080205471487007
2784,2.1743491932068997
2785,1.2944836142483434
2786,0.39069774129700985
2787,-0.5147344946231249
2788,-1.399734442675323
2789,-2.2430045727718624
2790,-3.024160301499704
2791,-3.7256877113953357
2792,-4.332566282310527
2793,-4.836878417408251
2794,-5.2324822506792525
2795,-5.513235916114329
2796,-5.67299754770427
2797,-5.706183479031617
2798,-5.610930276068176
2799,-5.391882440466178
2800,-5.05517190790013
2801,-4.6069306140444795
2802,-4.0532904945736945
2803,-3.4005015461052754
2804,-2.65528600902894
2805,-1.8265063871039695
2806,-0.9311139937958504
2807,0.011917655003447436
2808,0.98361504340191
2809,1.9650046555075296
2810,2.937112975428308
2811,3.8809664872722616
2812,4.777591675147363
2813,5.608015023161637
2814,6.353263015423061
2815,6.994481009084895
2816,7.515436608322776
2817,7.908603309723059
2818,8.168601364713544
2819,8.290051024721953
2820,8.267458381352945
2821,8.094872886918587
2822,7.766229833907857
2823,7.275464514809663
2824,6.616512222113006
2825,5.7833082483068345
2826,4.773762691951329
2827,3.604344616255644
2828,2.3061368519561958
2829,0.9128819701534159
2830,-0.541677458052285
2831,-2.0237988615605103
2832,-3.4997396692708262
2833,-4.935757310082825
2834,-6.298109212896097
2835,-7.553052806610218
2836,-8.66684552012477
2837,-9.60574478233934
2838,-10.337064753808356
2839,-10.836289627830425
2840,-11.095732753858345
2841,-11.111650587469757
2842,-10.880175134649035
2843,-10.396940603007517
2844,-9.657205468595837
2845,-8.65522307959475
2846,-7.389106032317027
2847,-5.880223754768275
2848,-4.181315050234009
2849,-2.3519334332948327
2850,-0.4516324185313465
2851,1.4600344794758326
2852,3.3266342008023306
2853,5.10421550414867
2854,6.753446746339013
2855,8.241758076660723
2856,9.54113966224287
2857,10.62434688880813
2858,11.464135142079147
2859,12.033259807778597
2860,12.304476271629111
2861,12.2507791729099
2862,11.84618433341618
2863,11.077814431726246
2864,9.98530082203925
2865,8.628888936872672
2866,7.0708249958068725
2867,5.373355218422167
2868,3.598725824298903
2869,1.8091830330174075
2870,0.06307152574667185
2871,-1.5973405203571467
2872,-3.1355678680194083
2873,-4.515595630333022
2874,-5.701408920390866
2875,-6.667951420581917
2876,-7.434001090479323
2877,-8.029294458952302
2878,-8.483568054870071
2879,-8.826558407101842
2880,-9.085969516659361
2881,-9.2803960851465
2882,-9.422483534397772
2883,-9.523898098269695
2884,-9.596306010618825
2885,-9.651373505301688
2886,-9.700766816174816
2887,-9.756152177094739
2888,-9.827660934934126
2889,-9.917887720429917
2890,-10.022303604534311
2891,-10.134982489999278
2892,-10.249998279576799
2893,-10.361424876018848
2894,-10.463336182077391
2895,-10.549806100504409
2896,-10.614908534051875
2897,-10.652648923051164
2898,-10.657653796934271
2899,-10.628060977844509
2900,-10.562903226708178
2901,-10.461213304451562
2902,-10.322023972000963
2903,-10.144367990282673
2904,-9.92727812022299
2905,-9.66978712274822
2906,-9.37092775878465
2907,-9.029732789258567
2908,-8.645234975096283
2909,-8.216467077224081
2910,-7.7435357836977206
2911,-7.23088587216807
2912,-6.684205571724672
2913,-6.109225492534373
2914,-5.51167624476401
2915,-4.897288438580434
2916,-4.271792684150472
2917,-3.640919591640994
2918,-3.0103997712188146
2919,-2.385963833050789
2920,-1.7733423873037584
2921,-1.1782660441445683
2922,-0.6064654137400565
2923,-0.0636711062570674
2924,0.4443862681375568
2925,0.9119760992769712
2926,1.3333677769943382
2927,1.702830691122805
2928,2.0146342314955357
2929,2.2630477879456894
2930,2.44234075030642
2931,2.5467825084108924
2932,2.570642452092253
2933,2.508189971183664
2934,2.353694455518283
2935,2.1014252949292684
2936,1.745651879249775
2937,1.2806435983129592
2938,0.7006698419519835
2939,0.0
